Temperature(°C),Humidity(%),Wind speed (m/s),Rented Bike Count
27.2,69,1.8,1728
32.6,51,2.1,822
34.0,50,1.2,658
16.9,47,1.4,2716
6.4,51,1.0,1083
28.0,71,0.6,636
31.3,65,2.0,1537
2.1,41,1.0,712
26.7,67,0.8,425
16.6,53,1.7,594
17.8,93,1.8,24
24.2,70,0.3,211
3.9,60,0.9,242
34.8,47,2.2,960
24.2,74,0.7,1308
28.3,67,3.0,933
20.3,71,1.6,655
2.1,60,1.2,259
18.2,52,1.3,1183
19.4,53,1.4,0
12.7,32,2.3,630
33.2,55,2.7,1358
22.2,48,1.7,1307
-5.5,60,1.3,146
-1.3,42,0.8,103
19.0,67,1.1,2495
32.5,28,1.4,2797
1.3,66,1.1,292
29.4,66,2.5,995
2.6,86,1.7,349
25.3,89,0.3,908
-2.6,73,3.4,217
21.1,64,1.5,301
20.8,52,1.5,1071
-0.8,69,3.5,937
14.1,59,3.9,871
3.1,90,1.2,17
4.4,87,1.0,209
3.7,24,2.1,298
-7.7,42,2.9,182
29.3,27,3.4,3365
21.0,45,1.6,956
9.5,72,0.2,264
0.6,47,2.3,232
29.5,69,0.8,501
25.5,31,2.3,2392
8.1,48,0.8,149
5.2,60,1.9,165
7.1,52,0.8,682
7.6,48,3.1,565
23.5,61,1.2,972
21.5,84,0.3,338
-3.7,79,0.9,150
28.8,72,0.8,842
30.9,51,2.2,1888
10.4,41,4.9,1076
11.6,81,1.2,1215
20.4,96,0.6,40
27.5,47,2.7,1158
19.0,82,1.0,1647
5.1,75,1.4,345
0.8,47,0.9,387
14.6,71,1.0,589
-4.2,53,1.1,62
-4.6,56,3.6,150
9.9,50,1.2,1445
15.7,65,1.2,848
7.8,72,1.2,574
16.9,63,0.2,1393
12.2,59,1.2,796
24.1,41,2.4,1591
2.6,96,1.1,682
-1.6,33,2.0,237
-4.6,38,0.1,178
-1.2,31,0.8,281
4.0,67,3.0,447
-10.7,48,0.4,80
20.8,66,1.5,185
36.6,44,1.5,605
30.0,72,3.5,1524
28.5,43,1.7,1951
29.8,42,2.1,1039
7.9,63,0.6,2113
0.4,95,0.3,63
30.8,55,1.9,2162
22.5,86,2.5,142
-0.3,72,0.7,283
17.5,94,0.3,376
23.4,53,1.1,698
8.9,39,3.5,1054
8.3,84,0.9,0
18.1,33,1.1,647
5.6,64,0.1,330
19.6,82,1.7,978
21.6,85,0.1,426
27.6,84,1.2,614
7.8,63,0.4,806
3.0,26,2.0,447
20.5,98,0.5,84
6.7,87,1.2,97
-5.5,56,1.4,176
12.6,86,1.9,441
24.5,59,0.3,611
2.7,40,1.0,443
0.3,74,1.0,13
20.7,69,1.3,240
29.3,63,0.9,1708
-5.8,44,2.4,248
16.3,67,0.8,106
9.5,49,1.3,1146
17.5,55,2.1,643
2.9,53,1.5,332
20.8,52,1.2,915
-4.8,45,0.8,316
31.7,45,2.5,808
23.9,79,1.7,846
-1.2,51,0.8,646
14.0,45,1.6,972
1.5,44,1.2,145
16.6,61,2.9,2857
0.9,44,1.1,259
11.2,86,1.0,740
22.7,61,0.9,915
15.8,97,0.6,25
13.9,97,2.5,12
-1.4,43,4.3,148
7.3,66,0.5,943
15.1,89,1.1,146
24.9,56,3.1,2163
18.9,33,1.8,1190
-4.4,81,0.7,149
-11.0,55,0.8,108
27.5,66,2.8,837
-10.3,43,3.7,183
23.9,71,0.4,1287
5.6,85,1.2,102
-3.7,66,1.1,174
2.3,27,2.2,373
-4.6,52,0.8,221
11.1,42,2.2,603
20.9,33,3.9,1167
21.3,94,0.3,1223
10.8,84,1.2,429
22.9,78,1.4,1357
9.7,23,1.4,257
-5.1,51,1.5,170
29.3,51,0.9,1665
22.4,72,1.5,225
0.9,52,1.1,101
2.5,71,1.1,195
24.4,86,1.7,578
27.8,63,1.2,1213
17.9,60,0.8,764
-8.1,43,1.7,72
4.9,73,1.8,38
4.2,68,2.4,360
13.2,73,1.1,0
23.5,48,1.5,1664
23.4,52,1.4,2235
5.1,21,3.2,644
25.2,53,3.3,1252
7.5,48,2.4,1904
13.8,98,2.9,83
26.9,84,0.8,484
32.8,63,2.3,925
-0.5,90,0.9,9
21.1,97,1.2,9
22.9,59,1.1,0
0.3,45,1.8,211
24.2,79,0.6,512
14.4,60,1.7,362
24.2,41,1.5,1179
-5.2,56,1.4,122
16.2,50,1.6,1185
24.8,13,3.3,1942
1.3,38,0.4,233
30.5,54,0.9,526
24.6,82,0.2,672
31.6,47,2.1,2628
14.7,61,2.1,205
-6.4,40,0.9,145
15.5,68,1.4,767
22.3,88,0.9,233
22.6,58,1.8,896
9.3,61,1.5,672
-1.8,25,2.6,244
4.6,57,1.0,409
-2.2,36,2.2,270
3.5,46,3.1,410
16.0,88,1.2,768
21.1,54,0.6,1881
23.8,71,1.2,656
0.9,25,2.4,253
0.5,39,1.6,121
9.9,67,1.1,115
21.7,44,2.1,1117
21.9,97,1.8,113
22.8,66,2.7,975
1.0,34,2.9,329
6.0,36,1.8,606
5.4,80,0.9,196
-15.3,33,2.4,105
-3.7,41,2.0,431
7.6,55,1.7,1023
-5.3,90,1.1,178
11.0,60,0.9,671
15.7,53,1.4,326
16.7,70,0.8,227
27.8,76,3.1,976
7.1,84,2.3,244
27.1,84,0.2,903
9.8,84,1.3,751
8.8,89,0.7,518
19.3,45,0.4,1583
7.0,57,0.7,1027
5.4,82,1.2,235
16.4,80,1.5,1158
33.2,56,2.2,1412
2.9,90,2.0,38
25.3,71,3.3,1990
27.8,41,2.7,2290
20.0,69,2.4,1703
-9.4,44,0.5,305
17.6,40,1.4,1015
22.9,97,1.3,64
6.0,23,4.2,697
2.0,84,1.1,1524
20.2,91,1.2,68
6.9,88,0.9,134
13.6,38,1.5,1160
31.0,64,2.9,1847
-9.7,32,3.6,181
30.0,74,2.7,1868
24.6,97,0.3,303
-6.2,57,1.6,81
8.4,58,1.1,444
15.1,33,1.5,899
7.6,96,2.0,75
-1.3,84,1.0,323
11.9,72,2.5,0
13.2,75,0.8,0
14.9,68,0.9,141
-2.5,69,2.2,182
13.5,66,1.8,485
17.9,59,1.3,208
19.5,44,1.3,1121
-11.1,46,3.7,152
26.2,82,2.6,716
2.8,73,2.4,148
23.2,57,2.2,0
13.7,38,1.4,1416
35.9,37,1.9,713
16.5,57,3.8,629
7.5,70,5.0,669
-5.0,57,1.9,224
-4.6,43,4.5,397
21.7,97,0.2,73
23.6,42,2.1,3251
11.7,58,0.0,922
16.1,30,1.0,971
1.6,97,1.1,28
24.9,87,1.9,832
24.6,84,0.7,211
4.1,51,1.8,301
15.5,74,3.6,0
25.5,43,3.1,2615
-2.9,68,1.6,328
4.5,40,1.3,514
2.4,65,1.8,232
9.5,56,0.5,1708
13.4,32,4.9,991
-10.4,43,2.3,352
6.6,34,2.8,484
-6.4,59,0.6,42
-1.5,63,1.0,107
32.9,44,2.0,2084
24.8,56,0.9,1422
0.8,51,1.4,298
1.1,95,0.5,43
-0.2,23,4.7,375
-2.2,83,1.0,47
12.6,63,0.8,556
2.5,36,3.7,267
9.7,76,0.0,157
22.7,56,1.8,2236
26.6,46,2.9,1230
23.9,98,0.8,84
3.5,66,1.7,223
8.9,67,0.8,1244
1.5,92,1.1,83
0.7,97,1.4,62
3.8,87,2.2,85
24.6,96,1.0,1330
25.3,73,0.6,286
-7.5,37,3.1,156
19.4,26,1.1,1585
27.0,36,2.2,717
-16.0,40,1.9,32
16.8,0,0.8,1502
19.1,61,2.7,1360
20.1,23,2.3,1642
31.2,61,2.3,639
-3.7,26,2.2,192
18.5,73,1.0,591
26.4,46,1.4,1197
28.0,46,1.7,791
23.5,36,4.0,1455
31.0,53,1.9,584
11.7,70,1.7,1018
24.6,86,0.1,278
1.9,65,0.3,252
-9.8,47,1.3,62
0.8,58,1.6,555
19.8,25,4.4,1198
23.8,47,2.1,1053
15.2,63,0.5,358
4.7,76,0.6,436
9.1,68,0.3,429
22.9,48,1.2,2072
16.6,47,3.9,958
10.1,83,1.4,68
-7.5,45,2.4,103
12.5,57,0.9,753
-12.7,41,3.1,438
7.9,76,1.3,185
15.7,18,1.6,741
23.4,98,0.6,19
9.6,38,1.4,1702
4.3,28,1.5,341
26.8,63,0.6,587
0.4,27,2.0,272
18.6,76,0.4,290
24.6,35,3.6,2045
33.1,59,2.9,1394
20.3,30,1.8,1680
23.3,96,3.4,56
-9.5,56,3.5,116
29.1,77,2.1,853
26.9,60,2.8,1797
24.7,84,0.7,381
3.8,17,3.2,276
23.5,80,1.7,1613
3.9,26,2.4,128
24.6,52,1.3,2431
16.7,38,3.1,960
17.1,66,0.3,193
8.8,84,0.6,0
7.2,57,3.3,380
-3.0,38,1.0,112
2.9,43,1.0,422
6.9,57,1.1,1100
6.2,55,2.4,419
17.9,44,2.2,1209
4.2,82,2.2,212
5.7,57,2.5,816
8.9,64,2.2,150
15.8,83,5.4,75
12.9,50,1.4,1804
7.7,67,0.4,610
15.3,49,1.0,542
14.8,71,0.4,188
-10.4,25,2.3,160
29.5,68,1.8,644
9.1,63,0.6,720
30.8,57,2.3,803
20.7,32,1.5,384
11.9,71,0.7,221
3.1,50,3.7,604
-2.7,58,1.7,195
-0.2,39,0.8,464
12.6,70,1.2,1380
-9.4,47,3.3,168
8.8,55,1.6,1221
15.6,81,2.3,1714
-4.5,26,2.2,278
-2.4,30,2.7,500
-1.8,62,0.7,215
23.6,75,0.9,1315
9.2,77,0.0,210
22.2,23,3.7,2044
25.6,30,2.3,1543
6.0,66,0.9,522
2.0,80,0.8,92
20.5,69,1.4,1448
21.9,55,1.4,1438
26.0,35,0.3,2368
4.3,57,1.3,578
-11.3,35,4.2,128
12.3,61,3.4,947
6.2,70,0.4,846
10.1,61,3.7,387
1.1,44,1.0,102
-6.3,39,0.9,216
21.6,86,0.2,531
28.4,82,0.5,162
5.1,56,2.0,739
16.6,96,0.7,352
4.4,80,1.8,232
29.9,36,3.3,1235
21.6,28,3.3,1814
-6.9,23,4.6,166
10.9,56,1.2,425
-5.5,28,4.3,195
16.7,58,1.8,0
22.7,77,2.0,1959
5.6,55,0.4,106
-0.3,40,1.2,206
11.8,59,2.1,0
24.8,83,0.2,292
-5.6,38,3.2,86
25.9,79,1.7,411
4.9,79,0.5,496
20.1,67,1.1,403
10.3,70,1.2,284
19.0,52,1.2,0
3.4,90,1.5,100
24.1,89,1.9,403
10.0,43,1.4,865
28.2,88,0.2,231
3.3,80,2.1,50
22.4,64,0.8,1674
6.0,29,2.1,1047
11.0,60,1.1,1292
3.2,20,2.9,764
3.5,69,1.4,537
17.5,87,0.5,206
18.5,88,1.4,1487
17.1,35,2.9,0
14.4,58,1.1,151
17.2,69,0.6,880
30.4,62,0.9,2598
15.3,60,2.0,1280
6.8,50,4.1,545
16.1,78,0.4,0
16.9,62,3.1,1085
-2.9,33,0.9,290
10.4,47,0.4,365
3.6,65,4.3,226
28.4,82,0.7,428
-6.9,36,2.1,112
-5.9,25,3.1,171
18.9,43,2.0,1529
18.6,61,0.8,807
-9.7,45,3.0,92
17.3,39,1.3,2632
24.3,59,1.5,1119
33.3,55,4.7,639
-2.0,42,0.7,109
15.4,41,0.5,410
20.3,39,0.6,1608
22.2,72,1.0,1807
2.5,24,0.2,796
28.3,83,1.7,340
28.0,57,3.3,916
11.5,74,1.2,600
26.2,54,2.2,3309
5.7,54,1.7,73
0.0,77,1.7,600
-2.0,49,1.9,334
29.4,30,2.0,1575
15.1,90,1.2,255
24.0,47,2.3,1055
3.5,55,1.0,210
20.6,98,0.7,47
-10.9,57,1.1,279
10.8,82,2.8,0
34.1,45,2.4,794
20.0,80,0.3,383
19.9,69,1.4,369
25.7,57,1.9,1216
2.9,14,3.3,299
4.2,81,1.3,80
27.6,49,3.7,1674
5.4,37,0.7,353
13.8,79,0.9,1997
18.8,85,1.4,47
7.0,55,0.2,532
3.9,33,1.8,318
28.0,60,1.0,647
2.5,76,0.7,88
21.9,34,5.1,967
21.1,69,0.5,1047
-3.7,50,2.5,230
6.6,51,1.8,752
18.6,22,3.7,1664
-4.4,33,1.4,103
12.1,40,2.0,1209
-8.3,67,0.9,56
21.9,62,1.0,968
9.9,27,1.3,167
-11.2,55,1.5,39
18.3,78,0.8,782
-15.9,43,3.8,78
-7.6,37,1.1,930
6.3,41,1.3,475
-6.9,39,2.0,62
32.0,57,1.6,600
7.7,60,0.3,306
-4.4,81,0.7,131
25.0,61,1.1,1869
32.9,49,1.8,813
20.4,52,1.2,1604
6.0,51,1.0,270
-0.2,73,0.8,76
9.2,66,1.1,146
26.9,45,1.6,1087
-4.4,58,2.4,140
-3.2,47,1.8,257
23.3,80,0.7,1710
22.7,29,1.6,1253
-4.7,18,3.7,258
2.4,95,2.5,10
13.3,80,1.2,1281
11.5,57,1.8,562
22.7,54,1.0,0
7.6,82,0.3,458
28.7,67,2.6,726
17.0,59,0.0,264
32.4,54,1.9,636
25.3,72,2.4,808
11.1,66,4.2,916
2.9,75,0.2,433
-11.8,46,1.1,106
30.5,53,1.1,1006
20.5,77,0.5,202
-2.4,37,0.5,129
19.7,55,2.0,1248
26.8,90,0.6,230
19.7,72,0.6,1761
10.7,74,1.7,264
3.9,57,0.8,256
9.9,59,1.3,616
28.8,66,1.9,2202
24.7,85,1.2,886
22.6,60,1.0,1824
17.7,63,0.5,2065
1.4,37,4.0,358
11.0,69,0.6,145
-3.6,83,1.7,273
2.5,67,1.3,653
-6.6,52,0.5,401
22.1,94,0.9,9
-6.7,62,1.1,239
0.1,22,2.0,170
-10.9,55,1.8,79
4.8,29,0.6,842
19.9,74,1.7,1543
23.2,36,4.9,1059
10.5,59,1.0,187
2.8,60,0.6,196
25.1,82,0.2,555
22.1,97,0.5,133
13.3,75,0.4,0
28.4,43,2.0,2383
-3.9,28,2.9,174
12.6,60,2.4,422
33.6,55,1.1,651
36.7,44,3.5,763
19.6,53,1.5,1185
35.2,41,0.5,2087
27.1,41,1.4,1517
-14.9,40,1.2,196
28.7,70,3.5,1893
28.1,60,1.9,3113
3.7,39,3.8,300
9.2,47,2.5,776
25.4,33,2.7,2337
11.8,57,1.9,1256
-5.2,66,3.1,147
12.5,70,2.1,666
-7.6,36,3.3,392
24.1,57,2.9,3556
23.6,80,1.5,568
0.6,33,1.9,213
-1.3,48,0.8,168
19.3,36,3.5,1137
17.2,54,1.3,258
17.0,63,1.3,656
-1.0,78,0.6,583
7.6,96,1.5,75
26.6,54,2.3,1635
33.6,62,1.9,632
0.3,57,2.3,390
19.7,82,0.5,1493
-4.9,56,1.1,138
1.5,86,1.2,226
-6.4,30,4.9,190
23.6,28,3.1,2013
7.3,72,0.7,663
6.7,71,0.9,955
20.0,62,1.8,1095
12.3,85,2.3,0
21.0,54,2.9,1333
-2.9,89,1.3,79
20.7,97,0.3,40
17.9,42,1.1,1413
21.9,96,1.2,18
-7.3,67,1.1,172
16.7,60,0.8,440
34.5,44,2.2,668
19.8,80,3.9,1491
7.8,20,2.2,761
-8.5,55,1.0,270
-3.5,35,1.1,612
3.1,40,2.6,297
18.5,57,2.3,692
22.0,95,0.7,367
26.3,55,3.2,2256
24.3,31,1.5,2189
20.0,59,1.1,761
14.2,56,1.8,1512
19.3,83,0.6,1937
-7.0,38,2.6,95
11.0,36,1.8,772
27.8,46,1.3,968
27.9,78,0.6,1591
3.9,54,1.1,208
15.1,52,1.9,1462
24.3,71,2.5,1641
16.3,86,0.3,1049
20.2,66,1.5,483
13.3,47,0.5,847
-7.5,42,2.4,34
12.7,40,1.9,1420
11.5,81,0.8,1271
15.9,71,1.1,810
0.1,43,1.4,159
21.9,95,1.9,470
11.3,68,4.7,0
23.9,96,0.2,57
7.6,36,5.0,925
16.6,97,2.0,6
20.3,58,1.4,918
5.7,55,1.4,309
1.1,38,3.1,265
21.8,97,2.2,338
30.6,67,0.7,639
-5.7,31,2.3,14
22.4,65,1.6,723
3.9,23,1.0,1548
7.0,72,1.9,325
-1.5,62,1.3,127
1.5,30,2.6,238
19.2,65,1.4,786
21.5,78,1.2,1550
-0.3,62,1.3,319
24.6,79,0.6,782
17.6,39,2.5,1150
6.4,16,2.0,752
-14.3,38,4.0,106
15.9,53,2.1,923
28.0,46,2.3,2451
22.6,97,0.0,224
8.0,51,0.5,689
17.7,68,1.3,342
19.7,71,2.0,1030
33.9,46,1.6,620
15.2,31,0.3,289
8.5,95,2.6,9
23.3,64,1.0,392
12.7,80,3.9,0
1.6,86,1.7,243
24.1,56,2.5,2033
1.8,92,1.2,30
28.2,78,2.5,1155
28.5,68,1.1,691
12.8,65,2.0,744
-2.6,72,1.4,49
-6.0,38,3.6,653
28.3,55,1.5,492
21.5,85,0.1,320
-8.2,50,1.1,136
27.2,69,3.5,982
-10.7,53,1.2,174
3.3,72,1.4,664
-1.3,26,3.0,195
12.2,67,1.2,689
-5.5,56,0.8,127
5.3,79,0.9,120
2.7,26,2.7,272
2.5,75,0.5,1055
29.8,54,1.8,678
6.7,27,3.1,692
-5.8,57,1.7,149
24.8,43,1.2,1525
27.4,44,1.7,2266
17.2,83,1.3,609
5.1,58,2.2,906
30.6,26,1.2,1073
28.2,65,0.3,332
-0.5,76,1.6,172
23.7,44,1.7,1665
-7.2,28,2.3,173
28.9,42,2.0,1070
-6.7,65,1.1,47
19.3,61,0.8,0
-8.8,58,4.0,67
-11.8,26,3.5,203
5.3,73,0.8,132
6.7,72,2.1,178
11.7,31,2.6,1320
16.5,68,1.3,203
5.3,39,2.3,910
19.4,35,1.2,1064
-15.3,47,0.7,33
13.2,77,1.2,685
19.4,83,1.6,714
33.9,45,1.4,784
6.4,43,3.7,714
18.0,66,2.3,2635
-1.1,83,0.7,86
-0.2,54,0.5,280
22.9,98,2.1,122
-2.7,72,0.5,161
-16.4,32,3.3,349
21.3,81,0.7,785
34.3,45,2.2,670
7.7,54,2.6,258
11.1,72,2.3,1033
0.6,64,0.4,135
17.0,73,1.6,275
25.2,83,1.1,545
16.8,61,1.3,1551
36.3,41,2.4,920
16.8,46,1.8,1318
5.5,78,0.6,0
21.2,87,0.8,49
14.3,89,0.6,345
22.0,60,1.2,610
14.4,44,2.7,768
27.4,78,2.3,805
24.3,97,2.1,74
35.6,39,2.7,826
3.3,79,1.4,228
21.5,58,1.1,2322
20.8,96,0.4,104
-4.3,59,4.4,38
15.8,98,0.4,30
30.1,58,1.6,803
23.0,66,1.1,953
-5.3,76,1.0,32
-0.3,58,1.0,173
19.0,76,0.1,1117
1.8,63,1.2,388
28.4,31,2.7,1374
24.6,70,1.2,835
-12.8,56,2.4,70
20.8,53,0.8,1148
21.5,62,3.4,1601
19.0,44,1.4,1290
24.2,58,1.5,1103
6.3,39,2.8,494
8.4,34,3.6,488
-7.4,33,2.6,82
3.3,58,1.7,407
25.0,13,4.1,1730
23.5,79,2.9,1202
3.6,37,1.3,374
12.1,35,2.4,1498
31.9,51,3.3,878
4.3,67,1.1,535
15.5,97,0.8,10
2.8,39,0.7,308
12.0,35,3.0,994
10.4,37,1.0,849
18.9,78,2.2,1272
-8.8,40,3.0,172
-16.9,38,2.3,36
9.3,45,0.8,42
14.0,87,0.8,221
24.4,50,1.6,1193
1.9,51,4.9,206
12.1,58,1.9,851
21.5,61,0.8,0
8.1,36,4.7,931
28.5,36,3.0,3088
17.6,53,3.7,890
9.6,41,0.5,1069
1.9,81,1.1,128
-0.7,37,0.9,153
3.1,74,1.1,320
-1.3,54,0.6,158
-2.4,33,4.5,239
-10.0,48,2.6,91
28.9,68,2.8,1046
15.7,49,2.0,1664
22.6,85,0.9,768
20.6,98,0.8,136
18.6,60,1.8,673
30.4,63,1.8,649
6.8,56,0.7,457
-15.3,47,0.8,36
24.0,85,0.9,703
-9.5,36,1.5,109
-2.1,36,1.7,155
-2.0,30,1.4,355
22.3,84,1.9,725
33.9,53,3.2,2405
20.8,98,0.5,103
24.6,96,0.7,240
-1.6,40,0.3,325
18.5,78,0.1,1731
5.1,50,0.7,1113
24.0,56,0.5,2146
9.8,73,0.8,108
13.7,26,2.3,761
14.6,87,2.2,152
27.6,37,1.9,1693
33.4,51,2.6,1423
-1.5,47,4.2,509
13.3,72,1.1,0
1.0,89,1.9,144
22.5,80,1.1,585
20.8,48,1.1,1234
10.1,75,0.0,520
6.3,53,0.5,398
17.2,85,1.4,30
23.9,75,2.3,2024
15.0,69,1.5,482
11.3,58,1.3,34
-7.0,25,4.2,169
26.0,54,1.5,861
-12.3,39,3.7,217
22.7,97,0.2,149
23.1,56,1.6,1124
15.3,54,2.1,928
-8.2,39,1.8,142
-2.6,28,2.0,304
22.2,60,1.3,1240
23.6,34,3.3,1669
2.8,45,1.7,289
0.6,65,0.4,85
-3.2,32,2.7,253
24.4,41,1.3,1051
-0.1,39,1.3,125
-4.9,44,1.1,309
28.6,54,2.9,1231
8.0,95,1.5,46
0.3,28,3.1,233
25.1,65,2.2,1047
27.8,49,1.4,1200
26.9,55,3.9,1292
14.7,31,1.1,731
17.5,69,1.5,994
10.8,64,0.8,0
10.2,83,3.5,0
23.2,52,1.4,1107
8.1,96,1.5,31
4.3,60,1.2,356
23.4,46,1.6,1330
18.2,15,1.6,1095
20.3,96,1.1,19
10.9,70,0.7,0
4.2,22,3.9,370
20.9,44,4.7,789
6.7,48,0.8,402
28.7,27,1.7,1134
26.7,51,3.4,1178
-12.4,51,2.2,162
22.8,67,1.6,2278
4.5,67,0.9,88
-3.7,35,3.7,133
29.4,74,2.0,903
23.4,34,2.1,1686
-7.3,75,1.6,39
28.3,40,3.2,1276
5.5,30,2.7,619
25.0,57,1.0,1717
23.5,88,0.6,1571
10.0,49,1.2,751
20.0,70,0.2,0
8.8,77,3.2,586
14.4,61,1.2,0
17.9,66,1.0,1108
3.6,26,2.4,310
-5.3,53,2.4,71
21.0,48,0.6,417
-15.0,31,2.5,89
19.5,95,1.4,100
-15.1,43,0.8,94
25.7,80,2.0,208
-2.5,59,0.0,244
-4.6,26,1.9,207
-11.6,50,2.2,54
28.1,49,3.2,2101
-7.1,30,1.7,80
15.1,83,4.1,212
29.7,58,1.3,672
17.0,53,3.1,1839
5.3,79,0.6,282
28.3,60,1.6,284
-10.5,48,3.1,90
13.3,97,2.9,204
2.0,37,2.7,460
11.9,44,2.1,834
-0.2,31,0.8,238
22.9,95,0.4,102
19.4,82,0.9,304
15.9,14,2.8,1641
26.9,84,0.2,708
26.6,84,1.7,215
14.3,82,0.7,646
5.0,81,1.2,59
-0.5,59,0.9,236
29.4,78,2.1,992
17.3,53,0.7,1113
-0.5,30,2.3,214
6.7,82,1.5,545
3.0,89,1.5,22
4.9,76,1.1,357
24.8,83,0.8,2153
16.1,69,1.8,587
20.1,65,1.0,792
0.1,43,0.9,682
-2.1,71,1.7,727
-2.6,40,0.6,227
21.6,32,3.1,1442
12.7,55,3.4,855
6.5,32,2.6,652
19.1,73,1.2,1711
18.9,68,3.3,2134
28.0,78,1.1,1657
25.0,46,1.9,1237
15.0,61,0.8,207
19.8,71,1.1,0
34.1,52,2.5,977
-0.5,48,1.1,225
-13.8,43,2.6,83
3.0,55,1.0,440
8.0,96,1.4,46
21.7,38,2.1,2207
14.8,63,0.7,185
22.2,57,1.2,1820
10.6,89,1.5,148
-5.9,61,1.1,61
-6.1,38,1.0,247
22.6,55,1.4,316
24.1,78,2.0,721
19.4,50,2.8,1363
-5.2,56,0.9,159
-0.3,34,1.6,191
4.2,72,0.8,402
20.9,71,1.6,0
33.0,51,2.5,727
12.9,56,2.5,1180
-0.5,73,1.7,110
30.2,58,2.3,1039
7.2,50,1.1,981
1.2,58,0.8,226
33.0,54,1.7,698
28.3,72,0.8,1823
1.1,65,1.0,101
15.7,45,2.5,2499
24.7,72,2.9,1243
28.1,84,0.5,248
0.0,32,0.7,60
-2.1,37,1.4,397
0.5,34,0.4,218
31.6,54,1.3,791
5.9,55,0.6,326
11.8,53,1.5,1440
17.8,53,1.4,2369
14.5,81,1.8,900
26.1,85,0.6,159
20.5,57,2.0,0
3.8,71,0.7,418
8.9,55,0.7,536
25.7,74,3.4,848
7.2,95,0.2,50
23.4,83,0.8,1841
10.0,73,0.5,193
33.6,58,3.6,646
-16.0,42,1.3,60
3.8,44,4.1,677
3.8,83,0.7,317
5.1,54,1.2,122
5.4,64,1.6,461
21.7,87,0.6,247
24.7,61,1.6,1259
19.9,29,1.9,1113
-10.6,47,3.5,126
18.6,69,1.7,1336
32.4,53,0.7,853
-12.7,33,3.7,178
20.9,68,1.3,2329
12.0,83,0.4,486
29.7,80,1.7,628
-7.0,26,4.1,154
22.7,69,1.9,1596
14.7,29,1.7,139
-4.2,79,1.2,29
16.7,52,0.9,941
24.4,85,0.6,393
18.0,72,1.8,1362
30.0,45,0.9,1480
4.6,50,0.9,353
19.7,58,3.7,1173
11.7,32,1.6,581
29.6,63,0.1,1086
21.0,97,1.3,128
